texto,etiqueta
"6 años de experiencia como enfermera en UCI, monitoreo de signos vitales, administración de medicamentos y asistencia en intubaciones.","Enfermería"
"4 años en enfermería pediátrica, vacunación, cuidado de niños, educación a padres y manejo de emergencias infantiles.","Enfermería"
"8 años como enfermera en urgencias, triaje, suturas, control de hemorragias y formación en soporte vital avanzado (ACLS).","Enfermería"
"3 años de experiencia en enfermería oncológica, quimioterapia, apoyo emocional a pacientes y gestión de historias clínicas.","Enfermería"
"7 años como enfermera en quirófano, preparación de pacientes, asistencia en cirugías y manejo de equipos médicos.","Enfermería"
"5 años en enfermería geriátrica, cuidado de adultos mayores, administración de tratamientos y apoyo en rehabilitación.","Enfermería"
"9 años de experiencia como enfermera en hospitalización, monitoreo de pacientes, aplicación de terapias y trabajo en equipo.","Enfermería"
"2 años como enfermera en neonatología, cuidado de recién nacidos, soporte en lactancia y monitoreo de incubadoras.","Enfermería"
"6 años en enfermería de cuidados intensivos, ventilación mecánica, manejo de bombas de infusión y asistencia en procedimientos.","Enfermería"
"4 años de experiencia como enfermera en emergencias, primeros auxilios, estabilización de pacientes y coordinación con médicos.","Enfermería"
"8 años como enfermera en cardiología, monitoreo de electrocardiogramas, administración de medicamentos y apoyo en cateterismos.","Enfermería"
"3 años en enfermería pediátrica, manejo de fiebres, aplicación de vacunas y educación sanitaria a familias.","Enfermería"
"7 años de experiencia como enfermera en UCI, control de infecciones, manejo de vías venosas y soporte vital.","Enfermería"
"5 años como enfermera en quirófano, esterilización de instrumentos, asistencia en cirugías y manejo de protocolos.","Enfermería"
"9 años en enfermería oncológica, quimioterapia, cuidado paliativo, apoyo emocional y gestión de efectos secundarios.","Enfermería"
"2 años de experiencia como enfermera en urgencias, triaje, primeros auxilios y manejo de pacientes en estado crítico.","Enfermería"
"6 años como enfermera en hospitalización, administración de medicamentos, cambio de vendajes y monitoreo de pacientes.","Enfermería"
"4 años en enfermería geriátrica, asistencia en movilidad, control de medicamentos y apoyo en terapias físicas.","Enfermería"
"8 años de experiencia como enfermera en neonatología, cuidado de prematuros, monitoreo de signos vitales y apoyo a padres.","Enfermería"
"3 años como enfermera en cardiología, manejo de arritmias, administración de fármacos y soporte en procedimientos.","Enfermería"
"7 años en enfermería de UCI, ventilación mecánica, monitoreo de pacientes y asistencia en emergencias médicas.","Enfermería"
"5 años de experiencia como enfermera en pediatría, aplicación de tratamientos, educación a padres y manejo de crisis.","Enfermería"
"9 años como enfermera en quirófano, preparación de pacientes, asistencia en cirugías y control de infecciones.","Enfermería"
"2 años en enfermería oncológica, quimioterapia, apoyo emocional y gestión de efectos secundarios en pacientes.","Enfermería"
"6 años de experiencia como enfermera en urgencias, triaje, suturas, estabilización de pacientes y trabajo bajo presión.","Enfermería"
"4 años como enfermera en hospitalización, monitoreo de signos vitales, administración de medicamentos y apoyo a médicos.","Enfermería"
"8 años en enfermería geriátrica, cuidado de pacientes crónicos, manejo de medicamentos y soporte en rehabilitación.","Enfermería"
"3 años de experiencia como enfermera en neonatología, cuidado de recién nacidos, soporte en lactancia y monitoreo.","Enfermería"
"7 años como enfermera en cardiología, monitoreo de electrocardiogramas, administración de fármacos y apoyo en procedimientos.","Enfermería"
"5 años en enfermería de UCI, ventilación mecánica, manejo de bombas de infusión y asistencia en emergencias.","Enfermería"
"9 años de experiencia como enfermera en pediatría, vacunación, manejo de emergencias infantiles y educación sanitaria.","Enfermería"
"2 años como enfermera en quirófano, esterilización de instrumentos, asistencia en cirugías y manejo de protocolos.","Enfermería"
"6 años en enfermería oncológica, quimioterapia, cuidado paliativo y apoyo emocional a pacientes terminales.","Enfermería"
"4 años de experiencia como enfermera en urgencias, triaje, primeros auxilios y estabilización de pacientes críticos.","Enfermería"
"8 años como enfermera en hospitalización, administración de medicamentos, cambio de vendajes y monitoreo de pacientes.","Enfermería"
"3 años en enfermería geriátrica, asistencia en movilidad, control de medicamentos y apoyo en terapias físicas.","Enfermería"
"7 años de experiencia como enfermera en neonatología, cuidado de prematuros, monitoreo de signos vitales y apoyo a padres.","Enfermería"
"5 años como enfermera en cardiología, manejo de arritmias, administración de fármacos y soporte en cateterismos.","Enfermería"
"9 años en enfermería de UCI, ventilación mecánica, monitoreo de pacientes y asistencia en emergencias médicas.","Enfermería"
"2 años de experiencia como enfermera en pediatría, aplicación de tratamientos, educación a padres y manejo de crisis.","Enfermería"
"6 años como enfermera en quirófano, preparación de pacientes, asistencia en cirugías y control de infecciones.","Enfermería"
"4 años en enfermería oncológica, quimioterapia, apoyo emocional y gestión de efectos secundarios en pacientes.","Enfermería"
"8 años de experiencia como enfermera en urgencias, triaje, suturas, estabilización de pacientes y trabajo bajo presión.","Enfermería"
"3 años como enfermera en hospitalización, monitoreo de signos vitales, administración de medicamentos y apoyo a médicos.","Enfermería"
"7 años en enfermería geriátrica, cuidado de pacientes crónicos, manejo de medicamentos y soporte en rehabilitación.","Enfermería"
"5 años de experiencia como enfermera en neonatología, cuidado de recién nacidos, soporte en lactancia y monitoreo.","Enfermería"
"9 años como enfermera en cardiología, monitoreo de electrocardiogramas, administración de fármacos y apoyo en procedimientos.","Enfermería"
"2 años en enfermería de UCI, ventilación mecánica, manejo de bombas de infusión y asistencia en emergencias.","Enfermería"
"6 años de experiencia como enfermera en pediatría, vacunación, manejo de emergencias infantiles y educación sanitaria.","Enfermería"
"4 años como enfermera en quirófano, esterilización de instrumentos, asistencia en cirugías y manejo de protocolos.","Enfermería"
"8 años en enfermería oncológica, quimioterapia, cuidado paliativo y apoyo emocional a pacientes terminales.","Enfermería"
"3 años de experiencia como enfermera en urgencias, triaje, primeros auxilios y estabilización de pacientes críticos.","Enfermería"
"7 años como enfermera en hospitalización, administración de medicamentos, cambio de vendajes y monitoreo de pacientes.","Enfermería"
"5 años en enfermería geriátrica, asistencia en movilidad, control de medicamentos y apoyo en terapias físicas.","Enfermería"
"9 años de experiencia como enfermera en neonatología, cuidado de prematuros, monitoreo de signos vitales y apoyo a padres.","Enfermería"
"2 años como enfermera en cardiología, manejo de arritmias, administración de fármacos y soporte en cateterismos.","Enfermería"
"6 años en enfermería de UCI, ventilación mecánica, monitoreo de pacientes y asistencia en emergencias médicas.","Enfermería"
"4 años de experiencia como enfermera en pediatría, aplicación de tratamientos, educación a padres y manejo de crisis.","Enfermería"
"8 años como enfermera en quirófano, preparación de pacientes, asistencia en cirugías y control de infecciones.","Enfermería"
"3 años en enfermería oncológica, quimioterapia, apoyo emocional y gestión de efectos secundarios en pacientes.","Enfermería"
"7 años de experiencia como enfermera en urgencias, triaje, suturas, estabilización de pacientes y trabajo bajo presión.","Enfermería"
"5 años como enfermera en hospitalización, monitoreo de signos vitales, administración de medicamentos y apoyo a médicos.","Enfermería"
"9 años en enfermería geriátrica, cuidado de pacientes crónicos, manejo de medicamentos y soporte en rehabilitación.","Enfermería"
"2 años de experiencia como enfermera en neonatología, cuidado de recién nacidos, soporte en lactancia y monitoreo.","Enfermería"
"6 años como enfermera en cardiología, monitoreo de electrocardiogramas, administración de fármacos y apoyo en procedimientos.","Enfermería"
"4 años en enfermería de UCI, ventilación mecánica, manejo de bombas de infusión y asistencia en emergencias.","Enfermería"
"8 años de experiencia como enfermera en pediatría, vacunación, manejo de emergencias infantiles y educación sanitaria.","Enfermería"
"3 años como enfermera en quirófano, esterilización de instrumentos, asistencia en cirugías y manejo de protocolos.","Enfermería"
"7 años en enfermería oncológica, quimioterapia, cuidado paliativo y apoyo emocional a pacientes terminales.","Enfermería"
"5 años de experiencia como enfermera en urgencias, triaje, primeros auxilios y estabilización de pacientes críticos.","Enfermería"
"9 años como enfermera en hospitalización, administración de medicamentos, cambio de vendajes y monitoreo de pacientes.","Enfermería"
"2 años en enfermería geriátrica, asistencia en movilidad, control de medicamentos y apoyo en terapias físicas.","Enfermería"
"6 años de experiencia como enfermera en neonatología, cuidado de prematuros, monitoreo de signos vitales y apoyo a padres.","Enfermería"
"4 años como enfermera en cardiología, manejo de arritmias, administración de fármacos y soporte en cateterismos.","Enfermería"
"8 años en enfermería de UCI, ventilación mecánica, monitoreo de pacientes y asistencia en emergencias médicas.","Enfermería"
"3 años de experiencia como enfermera en pediatría, aplicación de tratamientos, educación a padres y manejo de crisis.","Enfermería"
"7 años como enfermera en quirófano, preparación de pacientes, asistencia en cirugías y control de infecciones.","Enfermería"
"5 años en enfermería oncológica, quimioterapia, apoyo emocional y gestión de efectos secundarios en pacientes.","Enfermería"
"9 años de experiencia como enfermera en urgencias, triaje, suturas, estabilización de pacientes y trabajo bajo presión.","Enfermería"
"2 años como enfermera en hospitalización, monitoreo de signos vitales, administración de medicamentos y apoyo a médicos.","Enfermería"
"6 años en enfermería geriátrica, cuidado de pacientes crónicos, manejo de medicamentos y soporte en rehabilitación.","Enfermería"
"4 años de experiencia como enfermera en neonatología, cuidado de recién nacidos, soporte en lactancia y monitoreo.","Enfermería"
"8 años como enfermera en cardiología, monitoreo de electrocardiogramas, administración de fármacos y apoyo en procedimientos.","Enfermería"
"3 años en enfermería de UCI, ventilación mecánica, manejo de bombas de infusión y asistencia en emergencias.","Enfermería"
"7 años de experiencia como enfermera en pediatría, vacunación, manejo de emergencias infantiles y educación sanitaria.","Enfermería"
"5 años como enfermera en quirófano, esterilización de instrumentos, asistencia en cirugías y manejo de protocolos.","Enfermería"
"9 años en enfermería oncológica, quimioterapia, cuidado paliativo y apoyo emocional a pacientes terminales.","Enfermería"
"2 años de experiencia como enfermera en urgencias, triaje, primeros auxilios y estabilización de pacientes críticos.","Enfermería"
"6 años como enfermera en hospitalización, administración de medicamentos, cambio de vendajes y monitoreo de pacientes.","Enfermería"
"4 años en enfermería geriátrica, asistencia en movilidad, control de medicamentos y apoyo en terapias físicas.","Enfermería"
"8 años de experiencia como enfermera en neonatología, cuidado de prematuros, monitoreo de signos vitales y apoyo a padres.","Enfermería"
"3 años como enfermera en cardiología, manejo de arritmias, administración de fármacos y soporte en cateterismos.","Enfermería"
"7 años en enfermería de UCI, ventilación mecánica, monitoreo de pacientes y asistencia en emergencias médicas.","Enfermería"
"5 años de experiencia como enfermera en pediatría, aplicación de tratamientos, educación a padres y manejo de crisis.","Enfermería"
"9 años como enfermera en quirófano, preparación de pacientes, asistencia en cirugías y control de infecciones.","Enfermería"
"2 años en enfermería oncológica, quimioterapia, apoyo emocional y gestión de efectos secundarios en pacientes.","Enfermería"
"6 años de experiencia como enfermera en urgencias, triaje, suturas, estabilización de pacientes y trabajo bajo presión.","Enfermería"
"4 años como enfermera en hospitalización, monitoreo de signos vitales, administración de medicamentos y apoyo a médicos.","Enfermería"
"8 años en enfermería geriátrica, cuidado de pacientes crónicos, manejo de medicamentos y soporte en rehabilitación.","Enfermería"
"3 años de experiencia como enfermera en neonatología, cuidado de recién nacidos, soporte en lactancia y monitoreo.","Enfermería"
"7 años como enfermera en cardiología, monitoreo de electrocardiogramas, administración de fármacos y apoyo en procedimientos.","Enfermería"
"5 años en enfermería de UCI, ventilación mecánica, manejo de bombas de infusión y asistencia en emergencias.","Enfermería"
"7 años de experiencia como enfermera en traumatología, manejo de fracturas, aplicación de yesos y soporte en quirófanos.","Enfermería"
"4 años en enfermería de dialisis, preparación de equipos, monitoreo de pacientes y administración de medicamentos.","Enfermería"
"9 años como enfermera en quirófano, asistencia en cirugías ortopédicas, esterilización y control de infecciones.","Enfermería"
"3 años de experiencia en enfermería de cuidados paliativos, manejo de dolor, apoyo emocional y cuidado terminal.","Enfermería"
"6 años como enfermera en sala de partos, asistencia en alumbramientos, monitoreo fetal y soporte a madres.","Enfermería"
"5 años en enfermería de neurología, cuidado de pacientes con ictus, administración de terapias y monitoreo neurológico.","Enfermería"
"8 años de experiencia como enfermera en hemodiálisis, manejo de máquinas, control de signos vitales y educación al paciente.","Enfermería"
"2 años como enfermera en medicina interna, manejo de enfermedades crónicas, cambio de vendajes y soporte médico.","Enfermería"
"7 años en enfermería de UCI neonatal, cuidado de prematuros, soporte respiratorio y monitoreo intensivo.","Enfermería"
"4 años de experiencia como enfermera en quirófano cardiovascular, asistencia en bypass y manejo de equipos especializados.","Enfermería"
"9 años como enfermera en traumatología, estabilización de pacientes, primeros auxilios y apoyo en emergencias.","Enfermería"
"3 años en enfermería de dialisis, preparación de soluciones, monitoreo de presión arterial y trabajo en equipo.","Enfermería"
"6 años de experiencia como enfermera en sala de partos, cuidado posparto, educación materna y soporte neonatal.","Enfermería"
"5 años como enfermera en neurología, manejo de convulsiones, administración de medicamentos y apoyo a terapias.","Enfermería"
"8 años en enfermería de cuidados paliativos, manejo de catéteres, apoyo emocional y control de síntomas.","Enfermería"
"2 años de experiencia como enfermera en hemodiálisis, ajuste de equipos, educación al paciente y registros clínicos.","Enfermería"
"7 años como enfermera en medicina interna, control de infecciones, administración de insulina y monitoreo diario.","Enfermería"
"4 años en enfermería de UCI neonatal, ventilación mecánica, cuidado de incubadoras y soporte a neonatólogos.","Enfermería"
"9 años de experiencia como enfermera en quirófano ortopédico, preparación de implantes y asistencia quirúrgica.","Enfermería"
"3 años como enfermera en traumatología, manejo de heridas, aplicación de férulas y soporte en rehabilitación.","Enfermería"
"6 años en enfermería de dialisis, monitoreo de pacientes, ajuste de máquinas y educación sanitaria.","Enfermería"
"5 años de experiencia como enfermera en sala de partos, asistencia en cesáreas, monitoreo fetal y cuidado posparto.","Enfermería"
"8 años como enfermera en neurología, manejo de pacientes postoperatorios, terapias físicas y registros clínicos.","Enfermería"
"2 años en enfermería de cuidados paliativos, administración de morfina, apoyo familiar y manejo de dolor.","Enfermería"
"7 años de experiencia como enfermera en hemodiálisis, mantenimiento de equipos, control de presión y trabajo nocturno.","Enfermería"
"4 años como enfermera en medicina interna, manejo de diabetes, cambio de sondas y soporte a médicos.","Enfermería"
"9 años en enfermería de UCI neonatal, cuidado de bebés prematuros, ventilación y monitoreo intensivo.","Enfermería"
"3 años de experiencia como enfermera en quirófano cardiovascular, asistencia en cirugías y manejo de bypass.","Enfermería"
"6 años como enfermera en traumatología, primeros auxilios, estabilización y apoyo en emergencias médicas.","Enfermería"
"5 años en enfermería de dialisis, preparación de hemodializadores, monitoreo y educación al paciente.","Enfermería"
"8 años de experiencia como enfermera en sala de partos, asistencia en partos naturales, monitoreo y soporte neonatal.","Enfermería"
"2 años como enfermera en neurología, manejo de pacientes con epilepsia, terapias y registros diarios.","Enfermería"
"7 años en enfermería de cuidados paliativos, manejo de catéteres venosos, apoyo emocional y control de síntomas.","Enfermería"
"4 años de experiencia como enfermera en hemodiálisis, ajuste de máquinas, control de signos vitales y trabajo en equipo.","Enfermería"
"9 años como enfermera en medicina interna, manejo de infecciones, administración de antibióticos y monitoreo.","Enfermería"
"3 años en enfermería de UCI neonatal, ventilación mecánica, cuidado de incubadoras y apoyo a neonatólogos.","Enfermería"
"6 años de experiencia como enfermera en quirófano ortopédico, preparación de pacientes y asistencia quirúrgica.","Enfermería"
"5 años como enfermera en traumatología, manejo de fracturas, aplicación de yesos y soporte en rehabilitación.","Enfermería"
"8 años en enfermería de dialisis, monitoreo de pacientes, mantenimiento de equipos y educación sanitaria.","Enfermería"
"2 años de experiencia como enfermera en sala de partos, asistencia en alumbramientos y monitoreo fetal.","Enfermería"
"7 años como enfermera en neurología, cuidado de pacientes postictus, terapias y administración de medicamentos.","Enfermería"
"4 años en enfermería de cuidados paliativos, manejo de dolor, apoyo familiar y registros clínicos.","Enfermería"
"9 años de experiencia como enfermera en hemodiálisis, ajuste de hemodializadores, control de presión y trabajo nocturno.","Enfermería"
"3 años como enfermera en medicina interna, manejo de enfermedades crónicas, cambio de vendajes y soporte.","Enfermería"
"6 años en enfermería de UCI neonatal, cuidado de prematuros, ventilación y monitoreo intensivo.","Enfermería"
"5 años de experiencia como enfermera en quirófano cardiovascular, asistencia en cirugías y manejo de equipos.","Enfermería"
"8 años como enfermera en traumatología, primeros auxilios, estabilización y apoyo en emergencias.","Enfermería"
"2 años en enfermería de dialisis, preparación de soluciones, monitoreo y educación al paciente.","Enfermería"
"7 años de experiencia como enfermera en sala de partos, cuidado posparto, educación materna y soporte neonatal.","Enfermería"
"4 años como enfermera en neurología, manejo de convulsiones, terapias físicas y registros clínicos.","Enfermería"
"9 años en enfermería de cuidados paliativos, administración de morfina, apoyo emocional y control de síntomas.","Enfermería"
"3 años de experiencia como enfermera en hemodiálisis, mantenimiento de máquinas, control de signos vitales y trabajo en equipo.","Enfermería"
"6 años como enfermera en medicina interna, manejo de diabetes, cambio de sondas y soporte a médicos.","Enfermería"
"5 años en enfermería de UCI neonatal, ventilación mecánica, cuidado de incubadoras y apoyo a neonatólogos.","Enfermería"
"8 años de experiencia como enfermera en quirófano ortopédico, preparación de implantes y asistencia quirúrgica.","Enfermería"
"2 años como enfermera en traumatología, manejo de heridas, aplicación de férulas y soporte en rehabilitación.","Enfermería"
"7 años en enfermería de dialisis, monitoreo de pacientes, ajuste de máquinas y educación sanitaria.","Enfermería"
"4 años de experiencia como enfermera en sala de partos, asistencia en cesáreas, monitoreo fetal y cuidado posparto.","Enfermería"
"9 años como enfermera en neurología, manejo de pacientes postoperatorios, terapias y registros clínicos.","Enfermería"
"3 años en enfermería de cuidados paliativos, manejo de catéteres, apoyo familiar y control de dolor.","Enfermería"
"6 años de experiencia como enfermera en hemodiálisis, ajuste de equipos, control de presión y trabajo nocturno.","Enfermería"
"5 años como enfermera en medicina interna, manejo de infecciones, administración de antibióticos y monitoreo.","Enfermería"
"8 años en enfermería de UCI neonatal, cuidado de bebés prematuros, ventilación y monitoreo intensivo.","Enfermería"
"2 años de experiencia como enfermera en quirófano cardiovascular, asistencia en bypass y manejo de equipos.","Enfermería"
"7 años como enfermera en traumatología, estabilización de pacientes, primeros auxilios y apoyo en emergencias.","Enfermería"
"4 años en enfermería de dialisis, preparación de hemodializadores, monitoreo y educación al paciente.","Enfermería"
"9 años de experiencia como enfermera en sala de partos, asistencia en partos naturales, monitoreo y soporte neonatal.","Enfermería"
"3 años como enfermera en neurología, manejo de epilepsia, terapias y registros diarios.","Enfermería"
"6 años en enfermería de cuidados paliativos, manejo de catéteres venosos, apoyo emocional y control de síntomas.","Enfermería"
"5 años de experiencia como enfermera en hemodiálisis, ajuste de máquinas, control de signos vitales y trabajo en equipo.","Enfermería"
"8 años como enfermera en medicina interna, manejo de enfermedades crónicas, cambio de vendajes y soporte.","Enfermería"
"2 años en enfermería de UCI neonatal, ventilación mecánica, cuidado de incubadoras y apoyo a neonatólogos.","Enfermería"
"7 años de experiencia como enfermera en quirófano ortopédico, preparación de pacientes y asistencia quirúrgica.","Enfermería"
"4 años como enfermera en traumatología, manejo de fracturas, aplicación de yesos y soporte en rehabilitación.","Enfermería"
"9 años en enfermería de dialisis, monitoreo de pacientes, mantenimiento de equipos y educación sanitaria.","Enfermería"
"3 años de experiencia como enfermera en sala de partos, asistencia en alumbramientos y monitoreo fetal.","Enfermería"
"6 años como enfermera en neurología, cuidado de pacientes con ictus, terapias y administración de medicamentos.","Enfermería"
"5 años en enfermería de cuidados paliativos, manejo de dolor, apoyo familiar y registros clínicos.","Enfermería"
"8 años de experiencia como enfermera en hemodiálisis, ajuste de hemodializadores, control de presión y trabajo nocturno.","Enfermería"
"2 años como enfermera en medicina interna, manejo de diabetes, cambio de sondas y soporte a médicos.","Enfermería"
"7 años en enfermería de UCI neonatal, cuidado de prematuros, ventilación y monitoreo intensivo.","Enfermería"
"4 años de experiencia como enfermera en quirófano cardiovascular, asistencia en cirugías y manejo de equipos.","Enfermería"
"9 años como enfermera en traumatología, primeros auxilios, estabilización y apoyo en emergencias.","Enfermería"
"3 años en enfermería de dialisis, preparación de soluciones, monitoreo y educación al paciente.","Enfermería"
"6 años de experiencia como enfermera en sala de partos, cuidado posparto, educación materna y soporte neonatal.","Enfermería"
"5 años como enfermera en neurología, manejo de convulsiones, terapias físicas y registros clínicos.","Enfermería"
"8 años en enfermería de cuidados paliativos, administración de morfina, apoyo emocional y control de síntomas.","Enfermería"
"2 años de experiencia como enfermera en hemodiálisis, mantenimiento de máquinas, control de signos vitales y trabajo en equipo.","Enfermería"
"7 años como enfermera en medicina interna, manejo de infecciones, administración de antibióticos y monitoreo.","Enfermería"
"4 años en enfermería de UCI neonatal, ventilación mecánica, cuidado de incubadoras y apoyo a neonatólogos.","Enfermería"
"9 años de experiencia como enfermera en quirófano ortopédico, preparación de implantes y asistencia quirúrgica.","Enfermería"
"3 años como enfermera en traumatología, manejo de heridas, aplicación de férulas y soporte en rehabilitación.","Enfermería"
"6 años en enfermería de dialisis, monitoreo de pacientes, ajuste de máquinas y educación sanitaria.","Enfermería"
"5 años de experiencia como enfermera en sala de partos, asistencia en cesáreas, monitoreo fetal y cuidado posparto.","Enfermería"
"8 años como enfermera en neurología, manejo de pacientes postoperatorios, terapias y registros clínicos.","Enfermería"
"2 años en enfermería de cuidados paliativos, manejo de catéteres, apoyo familiar y control de dolor.","Enfermería"
"7 años de experiencia como enfermera en hemodiálisis, ajuste de equipos, control de presión y trabajo nocturno.","Enfermería"
"10 años de experiencia como enfermera en rehabilitación, manejo de terapias físicas, apoyo a pacientes postoperatorios y seguimiento de recuperación.","Enfermería"